{
	"partitions" : [
		{
			"name" : "Top",
			"pins" : [
				{
					"name" : "carry",
					"strict" : false
				},
				{
					"name" : "zeroflag",
					"strict" : false
				},
				{
					"name" : "op_code[0]",
					"strict" : false
				},
				{
					"name" : "op_code[1]",
					"strict" : false
				},
				{
					"name" : "op_code[2]",
					"strict" : false
				},
				{
					"name" : "op_code[3]",
					"strict" : false
				},
				{
					"name" : "IR_3_5[0]",
					"strict" : false
				},
				{
					"name" : "IR_3_5[1]",
					"strict" : false
				},
				{
					"name" : "IR_3_5[2]",
					"strict" : false
				},
				{
					"name" : "IR_7",
					"strict" : false
				},
				{
					"name" : "C[13]",
					"strict" : false
				},
				{
					"name" : "C[14]",
					"strict" : false
				},
				{
					"name" : "C[15]",
					"strict" : false
				},
				{
					"name" : "clk",
					"strict" : false
				},
				{
					"name" : "C[9]",
					"strict" : false
				},
				{
					"name" : "C[1]",
					"strict" : false
				},
				{
					"name" : "C[2]",
					"strict" : false
				},
				{
					"name" : "C[19]",
					"strict" : false
				},
				{
					"name" : "C[18]",
					"strict" : false
				},
				{
					"name" : "C[16]",
					"strict" : false
				},
				{
					"name" : "C[17]",
					"strict" : false
				},
				{
					"name" : "C[6]",
					"strict" : false
				},
				{
					"name" : "C[7]",
					"strict" : false
				},
				{
					"name" : "C[4]",
					"strict" : false
				},
				{
					"name" : "C[3]",
					"strict" : false
				},
				{
					"name" : "C[12]",
					"strict" : false
				},
				{
					"name" : "C[10]",
					"strict" : false
				},
				{
					"name" : "C[11]",
					"strict" : false
				},
				{
					"name" : "C[0]",
					"strict" : false
				},
				{
					"name" : "C[8]",
					"strict" : false
				},
				{
					"name" : "C[5]",
					"strict" : false
				}
			]
		}
	]
}